effect,risk_diff,time
ate,-0.232261812,365
att,-0.186948877,365
crude,0.0001836055,365
