effect,risk_diff,time
ate,-0.153606638,365
att,-0.135446162,365
crude,-0.11358923,365
