pop,treatment,n,min,p1,p99,max,mean,stddev
ATE-weighted,0,4991,1.1619736826,1.2858762791,3.7894597581,5.9025299635,2.0025953555,0.5173060987
ATE-weighted,1,5009,1.1603367563,1.276628948,3.6640375143,5.533380677,1.9964977942,0.5113759281
ATT-weighted,0,4991,0.1619736826,0.2858762791,2.7894597581,4.9025299635,1.0025953555,0.5173060987
ATT-weighted,1,5009,1,1,1,1,1,0
Matched,0,5005,1,1,1,1,1,0
Matched,1,5005,1,1,1,1,1,0
Original,0,4991,1,1,1,1,1,0
Original,1,5009,1,1,1,1,1,0
