pop,treatment,n,min,p1,p99,max,mean,stddev
ATE-weighted,0,5045,1.0713783337,1.166392054,8.2180429238,29.337718382,1.9912775091,1.4841177079
ATE-weighted,1,4955,1.0209339233,1.058238259,5.5884266491,9.1342445661,2.0175760503,1.0945445533
ATT-weighted,0,5045,0.0713783337,0.166392054,7.2180429238,28.337718382,0.9912775091,1.4841177079
ATT-weighted,1,4955,1,1,1,1,1,0
Matched,0,4950,1,1,1,1,1,0
Matched,1,4950,1,1,1,1,1,0
Original,0,5045,1,1,1,1,1,0
Original,1,4955,1,1,1,1,1,0
